USE sabores_peruanos;

INSERT INTO `roles` (`id_rol`, `tipo_rol`) VALUES
(1, 'Administrador'),
(2, 'Usuario');

INSERT INTO ingredientes (nombre_ingrediente, cantidad) VALUES
('Carne', 100),
('Patatas', 100),
('Mariscos', 100),
('Pato', 50),
('Arroz', 100),
('Papa amarilla', 80),
('Pollo', 100),
('Pescado', 150),
('Limón', 150),
('Leche', 100),
('Calamar', 60),
('Cebolla', 100),
('Tomate', 100),
('Patata', 100),
('Crema', 80),
('Ají amarillo', 50),
('Ensalada', 50),
('Rocoto', 30),
('Tallarines', 70),
('Queso', 20);

INSERT INTO llevan (nombre_plato, nombre_ingrediente) VALUES
('Anticuchos', 'Carne'),
('Arroz con Mariscos', 'Mariscos'),
('Arroz con Pato', 'Pato'),
('Cabrito a la Norteña', 'Carne'),
('Causa de Pollo', 'Papa amarilla'),
('Causa de Pollo', 'Pollo'),
('Ceviche', 'Pescado'),
('Ceviche', 'Limón'),
('Chicharrón de Calamar', 'Calamar'),
('Jalea Mixta', 'Mariscos'),
('Leche de Tigre', 'Pescado'),
('Leche de Tigre', 'Limón'),
('Leche de Tigre', 'Leche'),
('Lomo Saltado', 'Carne'),
('Lomo Saltado', 'Arroz'),
('Lomo Saltado', 'Cebolla'),
('Ocopa', 'Patata'),
('Ocopa', 'Crema'),
('Papa a la Huancaína', 'Patata'),
('Papa a la Huancaína', 'Ají amarillo'),
('Pollo a la Brasa con Papas', 'Pollo'),
('Pollo a la Brasa con Papas', 'Patatas'),
('Pollo a la Brasa con Papas', 'Ensalada'),
('Rocoto Relleno', 'Rocoto'),
('Rocoto Relleno', 'Crema'),
('Tallarines a la Huancaína', 'Tallarines'),
('Tallarines a la Huancaína', 'Carne'),
('Tallarines a la Huancaína', 'Cebolla'),
('Tallarines a la Huancaína', 'Tomate'),
('Tequeños', 'Queso');

INSERT INTO `platos` (`nombre_plato`, `tipo`, `precio`) VALUES
('Anticuchos', 'Parrilla', 12.00),
('Arroz con Mariscos', 'Mariscos', 20.00),
('Arroz con Pato', 'Ave', 15.00),
('Cabrito a la Norteña', 'Carne', 20.00),
('Causa de Pollo', 'Entrada', 5.00),
('Ceviche', 'Mariscos', 12.00),
('Chicharrón de Calamar', 'Mariscos', 6.00),
('Jalea Mixta', 'Mariscos', 18.00),
('Leche de Tigre', 'Mariscos', 10.50),
('Lomo Saltado', 'Carne', 11.00),
('Ocopa', 'Entrada', 3.50),
('Papa a la Huancaína', 'Entrada', 3.00),
('Pollo a la Brasa con Papas', 'Ave', 25.00),
('Rocoto Relleno', 'Entrada', 3.00),
('Tallarines a la Huancaína', 'Pasta', 8.00),
('Tequeños', 'Entrada', 5.00);